player_name,game_date,num_pitches,avg_release_spin_rate,release_spin_rate_90_percentile,release_spin_rate_10_percentile,avg_release_speed,release_speed_90_percentile,release_speed_10_percentile,avg_effective_speed,effective_speed_90_percentile,effective_speed_10_percentile,avg_vx0,vx0_90_percentile,vx0_10_percentile,avg_vy0,vy0_90_percentile,vy0_10_percentile,avg_vz0,vz0_90_percentile,vz0_10_percentile
"Snell, Blake",2016-03-02,13,,,,,,,,,,,,,,,,,,
"Snell, Blake",2016-03-06,15,,,,,,,,,,,,,,,,,,
"Snell, Blake",2016-03-11,22,,,,,,,,,,,,,,,,,,
"Snell, Blake",2016-04-23,90,2346.735632183908,2564.6,1776.2,89.26666666666667,96.01,74.58999999999999,88.69333333333333,95.52,73.08,-2.924598448662474,-0.007143691011558366,-5.325664152517555,-130.5539729020147,-109.50804116087677,-140.68475658722005,-8.18956445593502,0.4515428692186838,-12.599312318127907
"Snell, Blake",2016-06-16,92,2319.035294117647,2553.6,1717.0,87.85652173913044,95.2,77.21000000000001,87.37065217391304,95.0,76.21000000000001,-5.354275617948445,-1.916044002021499,-8.16421530156671,-128.62379622243515,-113.08774382573469,-139.44771576613627,-5.187400407087481,0.08522386365999834,-8.763365877708264
"Snell, Blake",2016-06-21,104,2314.11,2552.0,1700.2,89.6798076923077,94.9,78.06,90.68846153846154,95.97,78.60000000000001,-4.81517271860606,-2.1795730374384594,-7.269142990279872,-131.08163550417333,-114.43811571875574,-138.54734219819636,-6.286098947197325,-1.585056839949536,-10.128994642744468
"Snell, Blake",2016-06-27,103,2290.7551020408164,2573.3,1756.1,88.38543689320389,95.2,76.46000000000001,88.00097087378641,95.18,75.4,-5.094804269564587,-3.052198190037713,-7.238779807635777,-129.4009948661307,-112.29751068060114,-139.13482794968112,-6.105906299550051,-1.5159003942951141,-9.32783412360689
"Snell, Blake",2016-07-02,101,2225.759036144578,2559.4,1698.2,87.24455445544555,94.6,76.0,86.6,94.32000000000001,74.72,-5.26869965194549,-2.5543159237185646,-7.826744883623848,-127.78459808394446,-111.55793670107026,-138.4203706106872,-4.975231338993469,-0.5210515621848909,-8.42537511966491
"Snell, Blake",2016-07-07,100,2294.3092783505153,2571.4,1732.0,86.796,94.61,76.73,86.296,94.6,75.64,-4.794198887449866,-1.5744426912333265,-7.711237852450048,-127.1492196671254,-112.69909585088764,-138.6412080665422,-4.444523280749183,0.5461106409592028,-9.032230883020906
"Snell, Blake",2016-07-19,96,2362.5157894736844,2593.4,1768.6,88.921875,94.6,80.85,89.42604166666666,95.4,80.0,-3.8753360256398826,-1.2315512906380974,-6.234676146516151,-130.11168739468212,-118.20968119664141,-138.4274223142565,-4.349196513694644,-0.03712333526678008,-7.519640349285803
"Snell, Blake",2016-07-24,99,2362.073684210526,2617.0,1769.8,88.76868686868687,94.7,78.39999999999999,88.75050505050504,95.3,77.22,-4.6223161652421405,-1.8727492774002876,-6.6758838051846885,-129.84391900191898,-114.87214007247668,-138.54980179347422,-5.442817364232499,-1.0458519347019035,-9.222354092736827
"Snell, Blake",2016-07-31,101,2351.531914893617,2630.5,1698.5,89.24455445544555,95.8,78.4,88.9089108910891,95.7,77.4,-5.295793441157087,-2.808844854255044,-7.833768801615186,-130.64824328324752,-114.94996909960436,-140.144796906628,-6.077318346759425,-2.0453626182121063,-9.375056110630762
"Snell, Blake",2016-08-05,97,2384.7065217391305,2630.9,1799.8999999999999,89.45463917525774,95.4,81.10000000000001,89.1422680412371,95.4,79.94,-5.19992679373814,-3.1379155128374054,-7.715977825768921,-130.9431855951815,-118.6601210376328,-139.65641587053636,-6.45743330972809,-3.0385115943431478,-10.358522138171415
"Snell, Blake",2016-08-10,68,2307.955882352941,2647.5,1633.7,90.6779411764706,96.2,82.6,90.61323529411764,96.4,81.84,-3.217073105363074,-0.5382572216349183,-5.982705111355178,-132.73424425580416,-121.07965150416342,-140.91815816163046,-6.586827610197105,-2.277427885340294,-10.01970977095163
"Snell, Blake",2016-08-16,95,2413.9,2592.1,1867.6,90.35684210526315,95.3,81.46,89.97684210526315,95.16,80.46,-4.187466671240681,-2.152118129364548,-6.205131993626923,-132.33636477313763,-119.38598431766805,-139.53812581754232,-7.031159046687949,-1.7602141336232373,-10.775992361348361
"Snell, Blake",2016-08-22,94,2367.5227272727275,2601.6,1847.0,90.02553191489362,95.17,83.09,89.72765957446808,95.2,82.12,-5.933408766949503,-3.6816477813806845,-8.656550276750027,-131.76605719830894,-121.5918127838092,-139.1595452991501,-6.721917827782032,-3.1322250457593226,-10.432119521018983
"Snell, Blake",2016-08-27,64,2167.265625,2540.0,1706.5,86.0578125,94.0,75.59,85.5359375,93.57,73.51,-4.862345114229045,-2.2353969276459464,-7.18883703458789,-126.00189967531239,-110.83794230024134,-137.646824934136,-5.989411874715914,-0.5902642655915921,-10.495055712718749
"Snell, Blake",2016-09-03,104,2241.5392156862745,2564.3,1728.2,88.32499999999999,94.6,81.29,87.94326923076923,94.3,80.21000000000001,-5.384629337107596,-3.0504454385545983,-7.283235914546397,-129.3394863944515,-118.9289158241436,-138.461557391203,-6.399707760324038,-3.408989900468177,-9.621543855998775
"Snell, Blake",2016-09-09,88,2302.8863636363635,2524.3,1770.5,89.39772727272727,95.43,77.50999999999999,88.40568181818182,94.6,75.5,-4.376800924816795,-2.0822990811655275,-6.95099038393297,-130.78708534645753,-113.73738506449995,-139.5030327757014,-7.258858210433149,-2.0735488098772357,-10.959352039650446
"Snell, Blake",2016-09-15,90,2281.310344827586,2527.8,1739.8,90.02,94.8,83.44,90.37222222222222,95.21000000000001,82.98,-4.031346127192545,-1.5606479459362097,-6.732045689925913,-131.6019621168259,-121.99864032933834,-138.69369817601898,-8.194007947875113,-4.567883044128189,-11.599920043098754
"Snell, Blake",2016-09-22,88,2392.2289156626507,2611.0,1816.8,90.57386363636364,95.63,83.87,90.16022727272728,95.5,83.53999999999999,-6.7764885112828175,-3.7949741994906967,-9.866887052582161,-132.4682968542832,-122.88062058110519,-139.73406463875173,-7.720769639082772,-3.4068766322445487,-11.360226368547876
"Snell, Blake",2016-09-28,42,2358.025,2571.1,1798.9,91.7642857142857,96.89,84.61,91.07142857142857,96.57,83.21000000000001,-4.044979148701273,-1.5653655921860081,-6.414839964096337,-134.44345749976773,-123.7127835910858,-141.9637499400014,-6.173178551386657,-3.359101767560891,-9.515136658270894
"Snell, Blake",2017-02-27,12,,,,,,,,,,,,,,,,,,
"Snell, Blake",2017-03-04,15,,,,,,,,,,,,,,,,,,
"Snell, Blake",2017-03-09,21,,,,,,,,,,,,,,,,,,
"Snell, Blake",2017-03-14,31,,,,,,,,,,,,,,,,,,
"Snell, Blake",2017-03-20,39,,,,,,,,,,,,,,,,,,
"Snell, Blake",2017-03-25,35,,,,,,,,,,,,,,,,,,
"Snell, Blake",2017-03-31,32,,,,,,,,,,,,,,,,,,
"Snell, Blake",2017-04-06,97,2324.6875,2495.5,1780.5,89.71134020618557,95.1,80.28,89.59587628865978,95.14,80.08,-3.2387652814147097,-1.0531524101477676,-5.903353418480426,-130.19440199204584,-116.7883401387102,-138.07487925700661,-7.3725363876335095,-3.7082959635473873,-10.80329461823796
"Snell, Blake",2017-04-12,83,2327.768292682927,2535.9,1807.6,88.8609756097561,94.78999999999999,82.61,88.35731707317073,94.99,81.51,-3.246194615568382,-1.3378545792111274,-4.923546907436077,-128.82918366745164,-119.9014565870396,-137.3553922460001,-8.276133789134118,-4.823468079299738,-11.518385599276801
"Snell, Blake",2017-04-17,102,2214.2450980392155,2485.9,1764.2,87.22058823529412,94.28999999999999,80.42,87.20882352941176,94.6,80.01,-3.5094892950256824,-1.0533796853273167,-5.834395481722341,-126.59537181848255,-116.8004615483474,-136.696658735976,-7.892060643553428,-4.69573660221127,-10.6932633927876
"Snell, Blake",2017-04-22,87,2300.9310344827586,2553.0,1818.0,88.22988505747126,93.9,82.52,87.64367816091954,93.5,81.64,-3.5537455305553043,-1.2362972637837724,-6.043701521668762,-127.97944323873338,-119.6523880843166,-136.1720996006168,-6.991246458010869,-2.8158657261426168,-9.8610552061358
"Snell, Blake",2017-04-28,96,2347.125,2528.5,1891.0,88.26458333333333,94.35,77.94999999999999,87.99895833333333,94.35,77.05,-2.8863668534927776,-0.6159660093934095,-5.192364652816956,-128.11739515224582,-113.28861132838949,-136.86953472276798,-6.78757718608466,-2.04837324714391,-10.0660239827017
"Snell, Blake",2017-05-03,109,2359.064220183486,2532.6,1819.8,90.1743119266055,94.8,80.75999999999999,90.05412844036697,94.7,80.06,-3.1397653590297727,-1.02747743541272,-4.86033853927104,-130.8442204284321,-117.43286889761919,-137.38311033596102,-7.657845630104905,-4.344340895984165,-10.79888088112914
"Snell, Blake",2017-05-08,105,2325.0673076923076,2527.5,1789.5,88.17211538461538,93.87,77.43,87.89519230769231,93.8,76.33,-3.156668757496875,-0.8257359441947763,-5.370943538278859,-127.9461154460451,-112.42655775445769,-136.2650624103289,-7.153038750242732,-3.022116319630559,-10.56485201060805
"Snell, Blake",2017-05-13,113,2260.008849557522,2471.4,1764.2,89.7858407079646,94.2,84.22,91.07433628318584,95.86,84.48,-1.9796212792324264,0.14280876872496412,-3.9201398581508577,-130.52809716576758,-122.4865467068848,-136.900236311982,-7.409138456715161,-4.2619404054205825,-10.64808626023052
"Snell, Blake",2017-06-28,98,2243.622448979592,2490.0,1760.1,90.70714285714286,96.2,85.4,91.2265306122449,96.73,85.7,-2.350972854747834,-0.16030764807152684,-4.45481920949279,-131.77077964260684,-124.1076831675742,-139.5872848037286,-7.6826962679185735,-4.996558816541856,-10.52604035524003
"Snell, Blake",2017-07-05,97,2295.4742268041236,2451.6,1826.2,93.30309278350515,95.6,87.88,94.58247422680412,97.2,88.97999999999999,-2.773894092530644,-0.6773009647939999,-4.983645712286,-135.60847956831958,-127.593101062,-138.9936799308,-8.794702388280001,-5.408818446706,-11.72091652762
"Snell, Blake",2017-07-18,85,2352.752941176471,2510.0,2231.2,92.04941176470588,95.26,87.3,92.58470588235294,95.96000000000001,87.58,-1.662297942489851,0.35794061286098244,-3.875435479213242,-133.73581976205486,-126.8412370327472,-138.3858508303868,-8.236562860688073,-5.651329643787066,-11.3858190828708
"Snell, Blake",2017-07-24,109,2245.6666666666665,2507.3,1755.4,89.68440366972477,95.1,84.88000000000001,90.08623853211009,95.82,84.96,-4.458932997750063,-2.437913241380257,-6.502678274034842,-130.1417356311515,-123.1401532440492,-138.04087647864262,-8.27176544943798,-4.182635743535549,-11.06153510364584
"Snell, Blake",2017-07-29,95,2262.946808510638,2498.0,1688.2,89.79157894736844,95.2,83.10000000000001,89.58631578947369,95.6,81.98,-4.39277306513658,-1.755671980395185,-6.302935908162336,-130.15719319781545,-120.52880506326139,-137.8553830764592,-8.60557768335935,-5.195452403382114,-12.74215080870322
"Snell, Blake",2017-08-03,90,2224.1222222222223,2519.8,1651.5,89.82333333333334,94.91000000000001,84.4,89.89444444444445,95.41000000000001,84.07000000000001,-3.5732246480081447,-1.1313119344404983,-5.939395954017,-130.36846949232222,-122.49134988919998,-137.7544899067,-7.837605606209556,-4.501061434042,-10.73314903326
"Snell, Blake",2017-08-10,101,2295.87,2536.1,1756.6,91.05841584158415,94.9,85.7,91.33762376237624,95.6,85.7,-4.538361919340718,-2.38665690304579,-6.86757767013471,-132.1363639060448,-124.49952354203,-137.800116345359,-7.941314314152699,-5.02057864633836,-10.7276070442439
"Snell, Blake",2017-08-15,108,2261.3611111111113,2570.1,1708.7,89.15277777777777,95.03,79.97,89.42407407407407,95.6,79.02,-4.514077071743976,-2.270332585559551,-6.550654634042885,-129.45077146089386,-116.201751376132,-138.09274912377438,-6.865232066994156,-3.6442342062602164,-9.900133014217577
"Snell, Blake",2017-08-20,101,2344.7128712871286,2597.0,1752.0,89.28514851485147,95.2,79.4,89.46336633663365,95.7,78.2,-4.730980392563672,-2.49772382125082,-6.80355364993729,-129.56403486285544,-115.250256589211,-137.982679111527,-7.678067804512381,-4.14664741706173,-10.7138032059163
"Snell, Blake",2017-08-26,105,2225.4190476190474,2534.0,1634.4,90.16190476190476,95.5,85.02000000000001,90.57428571428571,96.1,85.4,-5.350608770257143,-3.112595432,-7.241682315,-130.88524873619048,-123.30927727999999,-138.65781324,-7.80835511055238,-4.6138063659999995,-11.345112636
"Snell, Blake",2017-09-01,85,2219.211764705882,2490.8,1717.0,91.08,95.36,86.53999999999999,92.15764705882353,96.46000000000001,87.7,-3.163296376777503,-0.7253271559681541,-5.2649899362841,-132.39010885937302,-125.8334384795246,-138.476270857961,-7.230244792299908,-4.258195509951712,-10.17834882723186
"Snell, Blake",2017-09-06,80,2207.5125,2491.0,1642.4,89.93375,95.41000000000001,84.33999999999999,90.155,95.7,84.49,-5.301282403968409,-2.628441834774875,-7.291394654819024,-130.47820264119474,-122.25799062003017,-138.35674227604179,-8.004518006779623,-5.303146161910788,-10.69082061554038
"Snell, Blake",2017-09-12,83,2344.7710843373493,2580.0,1768.8,89.79036144578313,95.6,80.76,90.22048192771085,96.38000000000001,80.42,-4.6460936974356075,-2.2239584832649943,-6.697818060515422,-130.43904324633394,-117.4591752338044,-138.9585593599264,-6.590843765392851,-3.287565864373388,-9.069523848444433
"Snell, Blake",2017-09-20,100,2305.83,2559.7000000000003,1743.6,91.477,95.91000000000001,86.23,91.605,96.01,86.21,-4.609057579809511,-2.077060213730022,-7.288266586372076,-132.74737850480633,-124.99359530833756,-139.1795310832541,-7.314629536063861,-5.055252988441808,-9.819840208884365
"Snell, Blake",2017-09-26,49,2260.4375,2497.3,1705.4,91.59791666666666,96.13,83.52,91.58749999999999,96.33,82.98,-5.438100420744199,-3.490945273805861,-7.365176930727077,-132.84535485290328,-121.0279549441253,-139.5540237368414,-8.19586887607713,-5.451422085797583,-11.275671364889819
"Snell, Blake",2017-10-01,100,2323.81,2531.5,1778.7,90.10600000000001,96.4,81.99,90.34100000000001,97.01,81.08999999999999,-5.141373983877689,-3.4071825398635243,-7.096411063849631,-130.77435476972335,-119.1442226325602,-139.9869708081895,-7.7918827171299645,-4.544310651561534,-10.26796673022983
"Snell, Blake",2018-02-25,14,,,,,,,,,,,,,,,,,,
"Snell, Blake",2018-03-02,15,,,,,,,,,,,,,,,,,,
"Snell, Blake",2018-03-07,20,,,,,,,,,,,,,,,,,,
"Snell, Blake",2018-03-19,47,,,,,,,,,,,,,,,,,,
"Snell, Blake",2018-03-24,44,,,,,,,,,,,,,,,,,,
"Snell, Blake",2018-03-30,84,2324.1190476190477,2526.7,1813.3,90.41309523809524,96.77,81.5,90.43333333333332,96.9,80.36,-5.130522750080086,-2.744809129227697,-7.701027580607301,-131.39458961160503,-118.5340854843114,-140.6081296220292,-7.379579014602969,-3.7872884256723904,-11.20615473145994
"Snell, Blake",2018-04-04,90,2221.516853932584,2447.6,1815.0,91.02222222222223,95.91000000000001,86.4,91.47555555555554,96.61,86.58,-3.9842248676287686,-1.4841344608455262,-6.24402065397452,-132.40577503841294,-125.72927534938209,-139.45673497863478,-6.92305466745085,-3.94464248348734,-10.02616909723844
"Snell, Blake",2018-04-10,114,2269.1238938053098,2465.2,2112.8,90.2719298245614,96.1,79.66,90.76140350877192,96.74,79.36,-4.1581351197935135,-2.1607432255166037,-6.4471998378547966,-131.33563448299947,-116.02875694785459,-139.76622797644748,-6.5161631031372655,-2.310961648261604,-9.668132607506914
"Snell, Blake",2018-04-16,103,2310.156862745098,2522.7,1844.1,90.99223300970874,96.28,81.5,91.1252427184466,96.78,80.26,-4.744016379701189,-2.4103564913068145,-7.314236655508128,-132.27689841103327,-118.4771029588616,-140.01824514528118,-7.210876783354983,-3.266161826818338,-11.1485654522497
"Snell, Blake",2018-04-21,100,2302.11,2504.7000000000003,1853.6,90.779,96.21000000000001,80.57,90.943,96.72,79.2,-4.617048765711373,-2.5831993177977783,-6.619279892881238,-131.97192942751897,-117.0722800136019,-139.80386835463958,-7.365565815963492,-3.6349845351316556,-10.95198616256417
"Snell, Blake",2018-04-27,104,2291.7087378640776,2547.2,1836.2,90.32980769230768,96.1,80.83,90.2125,96.37,79.59,-4.487358021279134,-1.81179834079591,-6.869810878928905,-131.32743727581448,-117.490582590272,-139.79028687235478,-5.9572082900977295,-1.866796430680528,-9.599754704921315
"Snell, Blake",2018-05-02,86,2225.3373493975905,2476.4,1815.6,90.56860465116279,96.0,81.75,91.24651162790697,97.30000000000001,81.15,-3.5343879792467656,-1.37486004067696,-5.373602498811815,-131.83089432292783,-118.994592386958,-139.81300578914,-6.4618702259843195,-3.605944797709415,-9.590473598582076
"Snell, Blake",2018-05-08,105,2314.0,2556.2,1727.6,90.18761904761905,95.86,81.84,90.23904761904762,96.42,80.7,-3.8773581580427066,-2.0392508918960695,-5.737918595996316,-131.1632981022691,-118.911267365558,-139.55352267654519,-6.336492631367438,-2.424048379425504,-9.946628484507581
"Snell, Blake",2018-05-13,73,2202.7246376811595,2574.8,1774.8,89.9159420289855,96.1,82.3,90.14492753623189,96.8,81.44,-4.832409284477923,-3.0109870410315196,-6.419832256071324,-130.6957237160452,-119.54535537405219,-139.488695777357,-7.905174757239905,-3.9509471364446918,-11.12127118757834
"Snell, Blake",2018-05-18,114,2266.663716814159,2501.8,1760.0,90.35877192982456,96.87,81.2,90.54649122807017,97.27,80.33,-4.069695424799977,-2.156792249935343,-6.314522781841601,-131.41589139160715,-118.06121719632941,-140.91188105416649,-6.652828336543656,-2.683979619684366,-9.933710681156883
"Snell, Blake",2018-05-24,101,2286.61,2415.0,2190.9,91.19405940594059,96.6,80.7,91.28811881188119,97.1,79.7,-4.748008648527929,-2.22775221383371,-7.48937554673078,-132.61128707190863,-117.246779846444,-140.567795591941,-5.809744687219386,-1.55385643844263,-9.35624625166926
"Snell, Blake",2018-05-29,97,2267.5,2512.5,1814.5,90.11443298969073,96.24,80.72,90.67628865979381,97.34,79.82000000000001,-4.210760244745834,-2.041470320906406,-6.739603275488448,-131.09519232134136,-117.4256746283932,-140.142054567865,-7.0338273762334245,-2.5750346160254614,-10.53618815261502
"Snell, Blake",2018-06-03,100,2309.191919191919,2505.6,1844.4,91.34,96.8,82.98,91.516,97.6,82.55,-4.661254247016175,-2.589948939605963,-7.073550296541388,-132.84895660833482,-120.5987448945854,-140.7822573821049,-6.888150150811873,-4.023321522816007,-9.387651068315037
"Snell, Blake",2018-06-09,95,2319.6526315789474,2484.0,2206.2,92.39368421052632,96.26,81.64,92.49684210526317,96.8,80.52,-4.993011598192975,-2.5963152136400227,-7.230559271449128,-134.29610361861617,-118.6428523657652,-139.95150528195418,-7.677473807901878,-4.2021141672674105,-10.6039378929118
"Snell, Blake",2018-06-14,105,2245.7238095238095,2508.2000000000003,1877.6,91.58666666666667,96.66,82.03999999999999,92.3,97.66,81.24,-3.906449309571718,-1.7020579220590415,-6.157661512400832,-133.22788990150852,-119.0864267786776,-140.5761358490054,-7.940116855161849,-4.422414001077016,-10.7900660648439
"Snell, Blake",2018-06-19,102,2260.8039215686276,2555.7000000000003,1717.9,90.2656862745098,96.58999999999999,81.51,90.24803921568626,97.4,79.4,-4.14551946850747,-2.02393038575538,-6.9842561118366735,-131.1813295499482,-118.4603921591313,-140.3663583144502,-7.3078761386540805,-2.1354289870390915,-11.613567093417728
"Snell, Blake",2018-06-25,103,2318.902912621359,2487.6,1818.2,91.69902912621359,96.7,82.78,91.69029126213593,96.9,81.52,-4.950302883428153,-2.989066906903242,-7.084708314706834,-133.2316467800478,-120.3513612246896,-140.6035719813076,-8.247611757611793,-5.224921395662671,-11.52863535771856
"Snell, Blake",2018-07-01,100,2261.63,2495.5,1740.3,90.473,97.11,81.5,90.421,97.21000000000001,80.39,-4.6734249258903215,-2.4047326343794464,-6.886482453267902,-131.4814303147466,-118.5066997425775,-140.9276555856239,-7.5506224479121355,-3.7023158751155374,-11.25369201098067
"Snell, Blake",2018-07-07,112,2291.7410714285716,2521.8,1788.1,89.82321428571429,96.4,80.92,90.23125,97.1,80.41000000000001,-4.767472433652023,-2.5150708800289405,-7.479836601358772,-130.64631938387853,-117.84381636542359,-140.1308477960188,-6.622293465233185,-3.470658948855717,-9.854058625255487
"Snell, Blake",2018-07-12,75,2221.662162162162,2508.9,1647.8,91.23648648648648,97.17,81.39999999999999,91.87972972972973,98.27,80.98,-5.295558845823089,-3.038823835379518,-7.016110617090695,-132.7497502853611,-118.41807072621269,-141.4348584019728,-6.407518184159213,-2.925385684731308,-9.742328692451789
"Snell, Blake",2018-08-04,59,2266.169491525424,2499.6,1734.2,91.13728813559322,96.44,83.2,91.07288135593221,96.8,82.14,-5.1166741575881005,-3.3114706532151295,-6.911522848232612,-132.42303320691943,-120.79715195192439,-140.33809359932619,-7.552311092470287,-3.787560038047348,-10.34712739210842
"Snell, Blake",2018-08-10,47,2296.2340425531916,2545.4,1771.2,90.63404255319149,97.4,82.7,90.91063829787234,98.24,81.44,-5.157395654175378,-2.912219689456806,-7.211933118241461,-131.81402514214312,-120.199109771364,-141.6043138996474,-6.722955417189195,-3.4299006719931926,-9.877386190264529
"Snell, Blake",2018-08-16,76,2302.5789473684213,2480.5,1749.0,91.88552631578948,97.55,82.6,92.35131578947369,98.65,81.35,-5.257758657980701,-3.4387810461401047,-7.39206669230728,-133.6320914440884,-120.266981983288,-141.864273466344,-7.341936068593695,-4.0044721960719905,-10.539721957346849
"Snell, Blake",2018-08-21,101,2327.792079207921,2529.0,1810.0,91.12178217821781,97.3,82.2,90.99801980198019,97.7,80.3,-5.165525669598532,-3.2958281372782,-6.85948632901405,-132.4387784125409,-119.381387124322,-141.452492384014,-6.91416358908811,-3.60683914937184,-10.2323170643637
"Snell, Blake",2018-08-26,89,2299.3595505617977,2519.4,1834.0,92.48089887640448,97.32,84.16,92.42808988764045,97.6,82.92,-5.082414070020451,-3.6429836125471637,-6.932837412070326,-134.3707490692896,-122.2123196704644,-141.441395022348,-8.17139661130183,-4.33618409963008,-11.207130940980338
"Snell, Blake",2018-09-01,101,2314.1782178217823,2617.0,1699.0,89.56930693069307,97.1,80.6,89.90792079207921,98.0,80.0,-5.287702593459321,-2.61784631512565,-7.79275836317648,-130.23900328764822,-117.314760039271,-141.177129018023,-6.8997529427810385,-2.42297477076976,-10.3202038577148
"Snell, Blake",2018-09-07,104,2372.3846153846152,2649.1,1826.4,90.23365384615384,97.0,81.43,89.92596153846154,97.37,80.16,-4.98024878995991,-3.0225632850620667,-6.71394071771034,-131.16976887723675,-118.41323843701271,-141.0711449885217,-5.690368448202873,-2.25621104002715,-8.53531263471685
"Snell, Blake",2018-09-12,104,2259.528846153846,2552.3,1729.3,88.94807692307693,97.14,80.66,88.66153846153846,97.67,79.43,-4.536778668620015,-2.7197476310496884,-6.344393805576788,-129.28951078594295,-117.2984349210346,-141.23147722549618,-6.35710541157258,-2.4923367043523297,-9.51151598495979
"Snell, Blake",2018-09-18,92,2233.4891304347825,2570.6,1639.4,89.05217391304348,97.49,80.41000000000001,89.31847826086955,98.39,79.9,-4.849813225586159,-2.7846345185548227,-6.911110657430426,-129.51148945633724,-116.8811206073165,-141.81909524467,-6.6776770768406,-3.6074861207710955,-9.553089856140781
"Snell, Blake",2018-09-23,100,2355.3,2689.0,1800.8,88.91799999999999,97.71000000000001,80.8,88.969,98.21000000000001,79.7,-4.692730071386271,-2.462850150720221,-6.617660174793851,-129.3257337029151,-117.56373545467021,-142.154130507561,-6.331859040678925,-3.232788506861341,-10.25237810014675
"Snell, Blake",2018-09-29,82,2264.0853658536585,2630.3,1740.7,88.54634146341463,97.19,80.91000000000001,88.10243902439024,97.08999999999999,79.61,-4.687336328055017,-2.6339438729015288,-6.369748149416908,-128.62776132464262,-117.5981325167525,-141.1424865150499,-7.348513857918578,-3.6406648823056194,-10.795801799112992
"Snell, Blake",2019-02-28,11,,,,,,,,,,,,,,,,,,
"Snell, Blake",2019-03-11,10,,,,,,,,,,,,,,,,,,
"Snell, Blake",2019-03-28,91,2341.6813186813188,2602.0,1796.0,87.48131868131868,95.6,79.7,87.15164835164835,95.6,78.9,-4.328123568649865,-1.85246993561673,-6.42892915035861,-127.14624920458994,-115.933044687537,-138.939100055501,-6.377827553750458,-2.35791336595425,-9.4380573815584
"Snell, Blake",2019-04-02,102,2301.3366336633662,2607.0,1745.0,88.12745098039215,96.1,80.23,88.00686274509805,96.4,79.21000000000001,-4.054691372775417,-1.4622240121353305,-6.199193030172254,-128.11562885829596,-116.63417227156349,-139.6608610561363,-7.020343141065257,-3.16398075330675,-10.136070063355131
"Snell, Blake",2019-04-08,100,2338.87,2598.4,1817.3,88.133,95.81,79.89,88.26700000000001,96.41000000000001,79.1,-4.771658681819697,-2.71797785430048,-7.099811890538107,-128.15045798206447,-116.1319390425454,-139.4027881907445,-6.42058046297636,-2.302976381039897,-9.905689084244653
"Snell, Blake",2019-04-13,82,2374.817073170732,2603.5,1912.6,89.14878048780487,96.2,80.61,89.39512195121951,96.89,80.04,-4.570760910895749,-2.285162264341085,-6.29278227121327,-129.65914104254793,-117.2055856515883,-139.86668357604339,-6.727057439225328,-3.1874220476333823,-9.546467567267822
"Snell, Blake",2019-04-24,65,2403.7384615384617,2600.2,2276.0,89.3,95.9,81.2,89.30153846153847,96.3,80.34,-5.1544570887156445,-2.303529828372492,-7.784482869163962,-129.74732636917417,-117.9796762621376,-139.1530229827094,-7.83869132135318,-2.6173255208913693,-11.47066232364698
"Snell, Blake",2019-05-01,75,2310.0533333333333,2609.8,1810.4,89.136,96.36,80.75999999999999,89.53866666666666,97.06,80.8,-5.055227956731461,-3.2057527226154052,-6.899392963750612,-129.62479473396897,-117.60014679443519,-140.2073162654292,-7.287955822922857,-3.222185669781708,-10.56084660708278
"Snell, Blake",2019-05-06,83,2290.879518072289,2536.2,1797.2,88.87951807228916,96.7,81.56,88.68795180722891,96.5,80.66,-5.119122439244688,-3.157701356247388,-7.229107405626882,-129.1223511431965,-118.689287353909,-140.28821118050558,-7.849883884283912,-4.069472300778876,-11.1712170000414
"Snell, Blake",2019-05-12,96,2285.59375,2487.0,1826.5,90.20937500000001,96.25,81.4,90.24479166666667,96.6,81.0,-4.9183322995009275,-3.349990810874295,-6.561662096306245,-131.14973459753458,-118.4665068444275,-139.8821400845525,-6.804564041050537,-3.77556173519338,-9.466918526087706
"Snell, Blake",2019-05-18,93,2258.505376344086,2536.6,1824.6000000000001,88.48387096774194,96.16,81.02,88.86774193548388,96.98,80.61999999999999,-4.6016020092660685,-3.0272708315723103,-6.168564681071362,-128.68710085902748,-117.6953672176166,-139.8690302179564,-7.50234965565925,-5.122200503921394,-9.99430640715749
"Snell, Blake",2019-05-24,104,2271.625,2572.0,1820.9,88.57499999999999,96.7,81.45,89.1298076923077,97.6,80.8,-5.1191167733200915,-3.025016110751417,-7.27849433141342,-128.8389621974289,-118.50494851491129,-140.5956423089832,-7.447805579909992,-3.6749707909576173,-10.22273843856596
"Snell, Blake",2019-05-29,87,2177.5632183908046,2482.0,1733.2,87.4816091954023,96.2,80.56,87.23793103448276,95.94,79.46000000000001,-5.158971342121609,-2.588781599856902,-7.021067127314132,-127.09918309129623,-117.0452249289226,-139.43817987983041,-7.550091015688826,-4.592920581331663,-10.78766717097394
"Snell, Blake",2019-06-04,95,2208.294736842105,2439.4,1718.6,87.41789473684211,96.9,80.28,87.5378947368421,97.76,80.0,-4.655400905033402,-2.435429290839946,-6.8812019086341705,-127.14121070563172,-116.835937167612,-140.9675942807732,-6.541321502864661,-3.4437341659897416,-9.456928638122115
"Snell, Blake",2019-06-09,105,2217.8190476190475,2407.6,1863.4,89.90761904761904,96.9,81.42,90.44190476190475,98.0,81.42,-5.608984335444461,-3.185912774287573,-7.649174747810704,-130.7182865495555,-118.4381182106242,-140.939532422298,-7.957981465641244,-5.013265555503109,-10.45472184125652
"Snell, Blake",2019-06-14,79,2222.772151898734,2383.8,1813.6,88.69240506329113,95.8,79.88000000000001,88.2746835443038,95.8,78.38000000000001,-4.4605881567283046,-2.21867076465928,-6.558073355578168,-128.8899102221152,-116.0701956533164,-139.2173747685082,-6.707192912716959,-3.8558562740771425,-9.103729956623086
"Snell, Blake",2019-06-19,39,2156.871794871795,2380.4,1770.2,88.52820512820513,95.74000000000001,81.06,88.94615384615385,96.32,80.76,-5.102487007220607,-3.158937229459922,-7.038794200063545,-128.76196823776013,-117.84356007882461,-139.2751319320574,-7.1103409817971945,-4.349532561396027,-9.453960430530707
"Snell, Blake",2019-06-25,80,2273.8125,2437.1,1886.9,92.50125,96.9,85.97,93.3425,97.7,86.88000000000001,-5.449123034747587,-3.527344191053582,-7.017119251560481,-134.56724957232422,-125.105923204184,-140.8694569988422,-7.370422386409712,-4.249689386514999,-10.54091943610877
"Snell, Blake",2019-06-30,80,2207.1625,2385.1,1823.6,91.8,95.7,85.78,91.96000000000001,95.81,85.97,-4.94594875850541,-3.187371273168059,-6.520005133673961,-133.43981026882523,-124.9075761804833,-139.0827375954107,-7.662595386587083,-5.108882305812805,-10.57565792825551
"Snell, Blake",2019-07-06,93,2229.8494623655915,2388.2,1832.6,91.56666666666668,96.2,80.88,91.71505376344086,96.6,79.86,-5.590875860316997,-3.263529775281774,-7.438770065399528,-133.1052853905967,-117.5250898739814,-139.8417825670992,-6.917459765030769,-3.8725703807482468,-10.23257259236574
"Snell, Blake",2019-07-15,93,2277.0967741935483,2422.0,1829.6,92.23333333333333,96.74,82.44,92.86666666666667,97.66,81.56,-5.753997315082512,-3.7395274369387463,-7.556649651329936,-134.12631681494994,-119.73609327788701,-140.6130552264034,-7.630266896118717,-4.750135946385296,-10.7946413933047
"Snell, Blake",2019-07-21,109,2252.1100917431195,2398.0,1842.8,91.0440366972477,96.3,80.28,91.21743119266056,96.8,79.84,-4.297011294756109,-2.4751945897418643,-6.306576923938592,-132.3938858316582,-116.7822553324002,-140.13528751444778,-7.055789250514324,-4.191062704060648,-10.1009422075639
"Snell, Blake",2019-09-17,26,2348.3076923076924,2442.0,2295.5,92.51153846153846,95.55,85.35,93.18846153846154,96.44999999999999,85.7,-5.583910691288207,-3.92227582159246,-7.7003369522499,-134.57233709145723,-124.1577312501345,-139.050530853064,-6.8677099660326055,-4.315685971109691,-9.400643633447949
"Snell, Blake",2019-09-23,52,2313.2884615384614,2459.3,1916.3,91.49423076923077,95.19,86.61999999999999,91.6326923076923,95.7,86.81,-4.926886078396645,-3.3060043758271576,-6.903111537017799,-132.99192905680505,-125.883937508654,-138.4286076408093,-7.683106876528201,-5.2254472386767485,-10.295790120016793
"Snell, Blake",2019-09-29,62,2257.967741935484,2441.9,1895.1,88.62096774193549,95.0,79.1,88.69677419354838,95.39,78.11,-3.906955448925765,-2.343468357681362,-5.4026011496927,-128.91970946548844,-114.8246465756158,-138.2376779070456,-5.457494307112795,-2.4559195656037516,-8.842491032994584
"Snell, Blake",2019-10-05,58,2352.862068965517,2527.7,1891.4,92.53448275862068,96.53,86.25,92.38793103448276,96.53,85.53999999999999,-5.748961611577754,-3.8469385094982873,-7.449581866693761,-134.37859446417093,-125.19887631409837,-140.1360568355647,-8.74013192642995,-5.679832421546427,-11.04684521667325
"Snell, Blake",2019-10-08,8,2499.375,2602.1,2404.6,92.725,96.56,82.10000000000001,92.4375,96.63,80.83,-4.849247058295021,-3.644544610816212,-6.179213825052408,-134.74216331254212,-119.083476994401,-140.3902847060814,-7.672289354096816,-5.966618409250421,-9.307338370254419
"Snell, Blake",2019-10-10,25,2307.88,2429.2000000000003,2240.4,92.852,95.5,86.52,92.772,95.88,86.96,-5.881412134024565,-4.7156139024497685,-7.601114906952448,-134.92869197447695,-125.8394568832212,-138.8571927582206,-7.494141449209236,-5.469603585618646,-9.738110235868653
"Snell, Blake",2020-02-26,6,,,,,,,,,,,,,,,,,,
"Snell, Blake",2020-03-09,17,,,,,,,,,,,,,,,,,,
"Snell, Blake",2020-07-26,46,2331.195652173913,2446.0,2250.0,91.08913043478262,95.55,81.1,92.29565217391306,97.0,81.94999999999999,-4.631951434084577,-2.84845568324183,-6.687307284338772,-132.40092627791492,-117.74830549632227,-138.93226732577358,-6.16756514098395,-3.8677901755752737,-8.569444577179999
"Snell, Blake",2020-07-31,53,2388.021739130435,2529.5,2315.5,91.18679245283018,96.7,80.61999999999999,92.06521739130434,97.7,80.95,-5.730479110541693,-3.8446659097411047,-7.555139628435602,-132.4816901328643,-117.26799022461184,-140.54874420883996,-7.632879072200713,-5.161410935479442,-9.939091561267558
"Snell, Blake",2020-08-07,59,2331.5593220338983,2571.0,1778.8,89.47627118644068,96.02,80.1,90.56440677966101,97.32,80.94,-4.757373096692622,-2.9636728007700466,-6.407025139040856,-130.0566769943405,-116.48054810705736,-139.53756013023195,-5.355817349234348,-1.933595063813794,-8.427680704485704
"Snell, Blake",2020-08-12,70,2259.6,2524.2,1715.2,91.59857142857142,96.61,83.2,92.9842857142857,98.22,84.08,-5.951226953308384,-4.095636283922661,-7.627603998495412,-133.16293142495027,-121.00444067052766,-140.2678905145748,-7.544563849275709,-4.653734761546605,-10.512696547377534
"Snell, Blake",2020-08-18,92,2197.054347826087,2469.8,1703.8,90.29565217391306,95.58999999999999,80.82,91.41086956521738,96.78999999999999,81.41000000000001,-5.643726613445964,-3.093534957445661,-7.99203706730766,-131.26165469697008,-117.5285668971985,-138.8134270157902,-6.821526768785932,-4.432470772069506,-9.13592327885062
"Snell, Blake",2020-08-24,101,2317.7227722772277,2496.0,1835.0,89.35940594059406,95.1,80.1,90.57524752475248,96.5,80.8,-4.668943359175567,-2.487849203436438,-6.487537459930522,-129.88778119596657,-116.51232504530564,-138.21937100631197,-6.304100715707157,-3.66889666458341,-9.123752301471912
"Snell, Blake",2020-08-30,75,2244.32,2468.0,1696.0,89.19733333333333,95.6,79.44,89.904,96.4,79.74,-5.070844643686183,-2.4917393829375216,-6.692607187114251,-129.62257689858797,-115.57836959770957,-138.8682120209668,-6.629579022187502,-2.91848376632826,-10.383139161612375
"Snell, Blake",2020-09-05,92,2274.358695652174,2495.8,1725.9,90.32826086956523,95.58999999999999,80.94,91.56847826086955,97.08999999999999,81.73,-5.347421267137787,-3.305187255846483,-7.2896993133974615,-131.30252625366808,-117.76875387929694,-139.05100429084158,-6.454209770521208,-4.075227662567933,-8.826135000364616
"Snell, Blake",2020-09-11,103,2326.0679611650485,2493.4,1770.2,91.39320388349515,95.7,86.52,92.72815533980582,97.18,87.84,-5.412670683354248,-3.3902527786384415,-7.371430474930149,-132.8756293041616,-125.76553571990489,-139.0396018149596,-5.899867789020617,-3.610321260120238,-8.397744645134141
"Snell, Blake",2020-09-17,73,2241.082191780822,2544.6,1700.2,90.0945205479452,95.9,85.89999999999999,91.07397260273972,97.0,86.86,-6.140754086138978,-4.206501477589096,-8.252843553988063,-130.89091854190002,-124.93375974808967,-139.28503367139288,-7.783538275254441,-5.139492635827508,-10.48092122844874
"Snell, Blake",2020-09-22,108,2311.0555555555557,2527.2,1745.5,89.93240740740741,95.4,85.00999999999999,90.93611111111112,96.3,85.9,-5.5972429818316245,-3.378883322080865,-7.826914940917084,-130.77034365603626,-123.72267229087409,-138.58238214502956,-6.452438304885169,-4.290076080622911,-8.781841678348993
"Snell, Blake",2020-09-29,82,2297.182926829268,2489.8,1790.0,88.61463414634146,95.7,80.33,89.64024390243902,97.08999999999999,80.85,-4.631472287007002,-2.1720829534226573,-6.873828915662591,-128.8072988083322,-116.6770292501548,-139.09646149892419,-5.9190435185691985,-1.8766968186838975,-8.491106482638418
"Snell, Blake",2020-10-05,84,2179.5238095238096,2476.4,1742.7,89.35119047619048,96.37,81.43,90.11904761904762,97.3,81.7,-4.675362845481933,-2.4127435918941824,-6.604851372534743,-129.94547910754403,-118.46013831222112,-140.18899419975287,-5.379275666275406,-1.840277924341238,-8.347859923166009
"Snell, Blake",2020-10-11,105,2256.8190476190475,2487.4,1771.6,89.61904761904762,96.0,80.88,90.4790476190476,97.2,81.03999999999999,-5.511201466124965,-3.042479769264326,-7.9847128984334805,-130.23352526962628,-117.56971349535849,-139.50600107371446,-6.818080296889513,-3.4656559524219817,-10.159581993172367
"Snell, Blake",2020-10-16,82,2213.9634146341464,2528.9,1705.6,89.01219512195122,96.69,80.2,89.8280487804878,97.4,80.81,-5.32160193758637,-2.203762643195163,-7.313361734327588,-129.4111212709884,-116.63855751785543,-140.50450078596347,-6.193187311391411,-1.8686736380772828,-9.564854233639368
"Snell, Blake",2020-10-21,88,2296.431818181818,2493.0,1775.7,89.46136363636364,96.2,79.34,90.38636363636364,97.33,79.50999999999999,-5.084225247519184,-1.6847407030754245,-7.516877285045573,-130.0616882883664,-115.41961226870849,-139.82440564921603,-5.733991453483157,-0.3666352078945657,-10.055048902623405
"Snell, Blake",2020-10-27,73,2322.013698630137,2552.0,1852.4,90.4931506849315,97.08,81.02,91.45753424657534,98.38000000000001,81.42,-4.991199620952236,-2.3032624894923814,-6.918296499114483,-131.56729924953393,-117.87453341166085,-140.9496206057994,-6.397723527220688,-2.719787145754343,-9.17958882769987
"Snell, Blake",2021-03-03,9,,,,,,,,,,,,,,,,,,
"Snell, Blake",2021-03-09,9,,,,,,,,,,,,,,,,,,
"Snell, Blake",2021-03-15,14,,,,,,,,,,,,,,,,,,
"Snell, Blake",2021-03-21,28,,,,,,,,,,,,,,,,,,
"Snell, Blake",2021-03-27,32,,,,,,,,,,,,,,,,,,
"Snell, Blake",2021-04-02,86,2242.1976744186045,2504.0,1695.0,90.87790697674419,96.05,83.1,91.51627906976744,96.9,83.35,-4.574635774120053,-2.9923736535848873,-6.167393234217649,-132.12317479820416,-120.94897973645651,-139.7137871263496,-6.662342324873534,-3.8322477848556264,-9.598989659415043
"Snell, Blake",2021-04-07,87,2282.022988505747,2487.8,1699.2,89.47931034482758,95.03999999999999,82.0,89.84137931034482,95.44,82.08,-5.244860597646995,-2.2179611281312615,-7.272245163481453,-129.97340405705017,-119.22241383869577,-137.78941633378992,-7.395464853335092,-2.897201808670528,-11.09191652955538
"Snell, Blake",2021-04-13,38,2311.5789473684213,2588.7,1768.7,88.92894736842106,96.33,79.52,89.62894736842105,97.3,79.21,-6.229902110940676,-3.5510624540922398,-8.342295646028775,-129.17716006430638,-115.53231668473201,-139.93801674850567,-7.1220368232929845,-2.3393537532218205,-9.846375305822379
"Snell, Blake",2021-04-18,95,2220.7659574468084,2449.9,1715.7,89.20842105263156,96.52,77.84,89.72736842105263,97.26,77.38,-5.22395793212643,-1.5898327576092226,-7.485146692879324,-129.61998909588905,-113.211626197847,-140.13024596027827,-6.4943126593371305,-1.034354416507079,-10.076457791405572
"Snell, Blake",2021-04-24,87,2275.597701149425,2493.4,1749.6,89.92528735632185,95.9,78.96,90.44367816091955,96.64,78.94,-5.416863220681012,-1.9620077943873042,-8.05562730886485,-130.695943035734,-114.98500328496442,-139.53037221934554,-6.8246853238766105,-1.990974116163484,-10.874444717547721
"Snell, Blake",2021-05-01,91,2305.78021978022,2512.0,1835.0,89.85604395604395,95.9,80.2,90.4065934065934,96.5,80.2,-5.290180839876273,-2.7702114031416447,-7.212140250662674,-130.5711017094967,-116.71496363773323,-139.29360004230858,-6.993860372059848,-2.6075266400663555,-10.378602989452656
"Snell, Blake",2021-05-07,95,2345.9893617021276,2533.7,1844.7,90.01263157894738,95.7,84.78,91.16315789473684,96.98,85.78,-5.72945305011055,-3.420988034014211,-7.657500762775386,-130.8503238515742,-123.3167257224242,-139.04829064444448,-7.285543732203168,-3.172732799577802,-11.155095805806852
"Snell, Blake",2021-05-12,84,2344.614457831325,2520.8,1890.6,90.80833333333332,96.2,84.82000000000001,92.02261904761905,97.7,86.09,-5.366798038602868,-3.5643516152992105,-7.566902284407872,-132.11251602228427,-123.52416690401327,-139.98570126468368,-6.952025924590117,-3.2000320277034935,-10.0958174410174
"Snell, Blake",2021-05-18,97,2361.422680412371,2525.2,1863.4,91.00618556701032,96.4,79.9,91.50103092783506,96.84,79.92,-5.1083889552227895,-1.896658508288667,-7.327999648500825,-132.2456215367567,-116.27536766745636,-139.79137005330884,-7.061020768333992,-2.9357592775084984,-11.178446199373571
"Snell, Blake",2021-05-24,81,2337.814814814815,2568.0,1717.0,89.47283950617285,96.1,80.4,90.23086419753086,96.9,80.7,-5.471753677762728,-3.072330119628286,-8.039308106504606,-130.03681289460084,-116.92790479153796,-139.57041233514542,-7.194312738858167,-3.625788933776089,-11.298501185266783
"Snell, Blake",2021-05-30,81,2259.4074074074074,2514.0,1656.0,89.74074074074075,96.3,80.1,90.1037037037037,96.6,79.9,-5.078351122998805,-2.989548809465708,-7.092272080736016,-130.3870570283553,-116.38545600671104,-139.69045418469756,-6.933999186340475,-2.956335476938252,-10.805059644852571
"Snell, Blake",2021-06-04,101,2383.891089108911,2497.0,2273.0,91.38613861386139,97.0,80.2,92.12970297029703,98.0,80.4,-5.012027894756728,-2.359626424576793,-7.833443002544209,-132.83154125676532,-116.72896444253811,-140.9681254500758,-6.864618616653488,-3.281088848892441,-10.9287967425333
"Snell, Blake",2021-06-11,71,2251.0704225352115,2441.0,1914.0,89.74929577464789,95.8,79.6,90.21830985915493,96.4,79.4,-5.513729337344313,-2.934571889401,-7.915534718051346,-130.4343507028894,-115.63151280817723,-139.08563525582406,-6.096942985956527,-1.8989640818520912,-9.870185726834396
"Snell, Blake",2021-06-16,75,2282.2933333333335,2473.2,1718.8,90.73466666666667,96.3,81.44,92.10533333333333,98.0,82.24,-5.239237641756625,-2.7213417166158314,-7.438838997457411,-132.03032265259716,-118.48560288198128,-140.16431928037346,-6.445342493869953,-2.302081678625877,-10.162884936535153
"Snell, Blake",2021-06-22,99,2279.717171717172,2441.4,1778.4,91.27474747474749,96.32,82.08,92.09393939393938,97.3,82.74000000000001,-4.862298383699343,-2.293534151908602,-7.0356900853786,-132.68691377792572,-119.37066629633924,-139.86553066989376,-7.218213830564291,-4.361215387341626,-10.659454625763978
"Snell, Blake",2021-07-04,81,2235.617283950617,2425.0,1697.0,90.36543209876544,95.3,85.1,90.92716049382716,95.9,85.7,-5.438547148899666,-3.101487709395021,-8.06218068685667,-131.2952541486623,-123.79337940916665,-138.50407551613472,-7.748073441336532,-4.817430968272776,-11.077075836191376
"Snell, Blake",2021-07-17,74,2244.3513513513512,2425.0,2007.4,88.72972972972973,95.47,79.33,89.88783783783784,96.8,79.93,-6.228539748961725,-3.58133216722432,-8.060318547611278,-128.98425030865351,-115.07809729259542,-138.75108856264825,-7.231444051765178,-3.3052593656947287,-11.047142599740567
"Snell, Blake",2021-07-22,92,2327.7065217391305,2419.0,2206.8,89.58478260869565,94.9,79.42,89.8989010989011,95.4,79.0,-6.198265558783137,-2.769790489885417,-8.914068823028154,-130.06358018203144,-115.36560694675987,-137.67001795314462,-7.392191509521896,-3.5988304659042156,-10.897673296868513
"Snell, Blake",2021-07-28,86,2240.7558139534885,2415.0,2039.0,89.18604651162791,95.0,79.85,89.66279069767442,95.65,80.05,-5.8246153743478715,-3.6502473403171134,-7.758811289823852,-129.63257695283164,-116.04371518390485,-138.131208528184,-5.852292711908939,-2.7090768414451953,-9.416936194110768
"Snell, Blake",2021-08-03,105,2364.495238095238,2470.2000000000003,2258.0,91.53619047619047,95.6,83.24,92.41904761904762,96.5,84.44,-5.070403587380079,-2.6702060038267,-7.448659537495018,-133.0948304698061,-121.1834140134062,-139.08313829711614,-6.825843479708496,-3.72039509856872,-9.470388539239305
"Snell, Blake",2021-08-08,108,2383.6018518518517,2468.5,2310.8,89.63888888888889,95.4,83.67,90.18518518518519,96.13,84.27,-5.316887218531332,-3.6707389803786032,-7.2522807489476495,-130.3048930891087,-121.671084588782,-138.6187740265341,-7.155673224640924,-3.388632592307118,-10.266229301127662
"Snell, Blake",2021-08-13,101,2343.5346534653463,2482.0,2144.0,90.28415841584159,95.7,79.9,90.77722772277228,96.4,79.7,-5.68598422791364,-2.641837103275848,-8.452916820732286,-131.13390502508125,-116.17621706112756,-139.00085238700768,-7.572423726407069,-2.5686815682499664,-11.8054644868923
"Snell, Blake",2021-08-20,92,2356.304347826087,2471.7,2224.1,91.28152173913043,96.0,83.04,91.55978260869566,96.3,82.30999999999999,-4.99206336352827,-2.751072496719975,-7.091204480415348,-132.6005361503271,-119.93957966042483,-139.53116408111782,-7.76832531824719,-4.281315549648769,-11.815358906964358
"Snell, Blake",2021-08-25,122,2395.8278688524592,2496.7,2313.3,90.66639344262295,95.8,84.44000000000001,91.2672131147541,96.49,85.1,-5.9678916977643,-3.9041815636200496,-7.8966006685749495,-131.78367768320314,-122.9191259762718,-139.1096382052686,-6.637894687464633,-3.045395287419357,-10.306125103571965
"Snell, Blake",2021-08-31,107,2391.448598130841,2477.4,2289.4,91.17476635514019,96.53999999999999,81.98,91.62056074766355,97.14,82.0,-5.629396692833292,-3.3273139716155153,-8.036752005975945,-132.43788409346203,-119.19757767334117,-140.22822399023153,-7.451482775755013,-2.9471333200982843,-11.15943303548158
"Snell, Blake",2021-09-07,100,2378.39,2459.0,2282.6,90.49700000000001,96.31,81.89,90.98899999999999,97.11,81.89,-5.831654395833344,-3.3178613693022565,-8.257977430660283,-131.4882432838657,-119.10245218625943,-139.7860887035203,-7.4191769842726645,-3.839678218523481,-11.079342808057065
"Snell, Blake",2021-09-12,11,2365.181818181818,2406.0,2318.0,91.73636363636363,94.9,85.1,92.25454545454545,95.4,86.1,-6.671804160939494,-4.946257898633991,-7.856933889747626,-133.35439728321145,-123.6059759574298,-137.9969632645174,-6.687391695975102,-4.799938557659622,-8.806769867781153
"Snell, Blake",2022-03-31,45,2346.6,2494.8,2171.4,89.68222222222222,96.16,78.52,90.35333333333334,97.22,78.94,-6.076019560971488,-3.22838136825262,-8.040848549026158,-130.28865996391227,-114.18051194844035,-139.74223089021044,-7.370836750043626,-3.059870926402773,-10.628834518374822
"Snell, Blake",2022-04-05,28,,,,,,,,,,,,,,,,,,
"Snell, Blake",2022-05-18,84,2359.8571428571427,2495.6,2191.1,91.29285714285714,96.67,86.31,91.36428571428571,96.77,86.63,-6.641475628660864,-3.639966233252636,-9.322341071109724,-132.5646271385688,-125.68150699457871,-140.250033968902,-7.066076464953105,-3.9125992635186906,-10.05698908844208
"Snell, Blake",2022-05-24,104,2357.019230769231,2482.0,2257.2,91.42115384615384,96.37,87.16,91.78173076923076,96.6,87.43,-5.550958212113549,-3.1060351009218405,-8.182562546896431,-132.8312264604624,-126.7484553238446,-140.09212933880033,-7.461385649095429,-4.704891629991869,-10.118685059636537
"Snell, Blake",2022-05-31,98,2281.2474226804125,2463.0,1952.8,89.47244897959183,96.16,79.5,89.87216494845362,96.9,79.6,-5.316624304126522,-2.164220334317294,-8.005142949651406,-130.05306943944618,-115.76853805491332,-139.754927728956,-6.227633002937569,-1.7743701877508151,-9.67402332823609
"Snell, Blake",2022-06-06,95,2400.315789473684,2541.4,2155.8,91.0557894736842,96.56,80.78,91.14315789473685,96.8,80.34,-5.008879356101903,-2.5762770754616784,-7.671093093996466,-132.31895850699684,-117.39004788326872,-140.249283844984,-6.598121407361619,-3.0975076972449638,-10.174272562025006
"Snell, Blake",2022-06-12,94,2305.8936170212764,2456.7,1971.4,90.5872340425532,96.47,80.23,90.92659574468085,96.87,80.13,-5.206860959641714,-2.6323544615411776,-7.418848868627306,-131.66250941800902,-116.68447054266503,-140.05223565164695,-6.382599442477232,-1.9161664409904473,-9.779201301670067
"Snell, Blake",2022-06-19,89,2364.674157303371,2450.4,2283.0,92.58876404494382,95.82,88.44,93.93258426966293,97.22,89.5,-5.458570889791409,-3.1391066859669006,-7.899719645859096,-134.76456038471227,-128.84911923768342,-139.51524919281545,-7.469504964372407,-4.4528407925436495,-10.276370418564433
"Snell, Blake",2022-06-25,94,2335.276595744681,2470.1,2165.0,90.74255319148935,96.4,81.76,91.04255319148936,96.67,81.91000000000001,-5.291591651808355,-2.1300911301850545,-8.15310970761645,-131.85166787553698,-119.04612469799748,-139.97825016486365,-6.921189791455474,-2.958296295191587,-10.557156132996784
"Snell, Blake",2022-07-01,107,2336.551401869159,2451.4,2174.8,91.29439252336448,96.3,82.58,91.83271028037383,96.8,83.16,-5.597037582058697,-3.4408956470567214,-7.8631081094757125,-132.65423765135964,-120.32602763498373,-139.96911401131038,-8.18669236785248,-5.051169931959123,-11.587660600842021
"Snell, Blake",2022-07-08,108,2368.287037037037,2524.0,2070.6,91.03055555555555,96.5,82.27,91.43888888888888,97.16,82.47,-5.330047085756454,-2.478089309029426,-7.706427307167166,-132.25244952064475,-119.64803396152503,-140.06360687497613,-7.194996408210462,-3.308759680771264,-10.628523409898294
"Snell, Blake",2022-07-14,99,2386.949494949495,2528.4,2176.6,92.04040404040404,96.6,82.2,93.38686868686868,98.22,83.4,-5.49213030944663,-3.1307414247631824,-7.741816095644822,-133.94200265584843,-119.85708531534534,-140.64442216622237,-7.364767970493889,-4.0815164702026605,-10.987574625008905
"Snell, Blake",2022-07-23,85,2405.1529411764704,2509.6,2239.4,91.13058823529413,96.4,81.7,91.83529411764705,97.16,82.3,-5.472790115257828,-2.15140440075083,-8.121476010464605,-132.49727126918845,-119.01377876473727,-140.14115998249184,-6.34816107436032,-2.1398416231607333,-10.084651258766971
"Snell, Blake",2022-07-29,93,2367.537634408602,2503.8,2256.2,91.15913978494623,96.7,81.92,91.77634408602151,97.38000000000001,82.22,-5.687402066282029,-3.165171573396728,-7.673765225537731,-132.50562191023192,-119.19611440183256,-140.37007887283377,-6.338316201673054,-2.4593870812211502,-9.428201458865596
"Snell, Blake",2022-08-03,106,2405.754716981132,2489.5,2323.0,91.37924528301888,96.85,81.85,91.84528301886793,97.2,82.1,-5.188498852799508,-2.8298765592536164,-7.306233846250411,-132.80058208268503,-119.16152664671485,-140.64455711166724,-6.945348725971489,-2.939061797371732,-10.184744154790227
"Snell, Blake",2022-08-08,103,2411.5631067961167,2520.4,2307.8,90.34660194174758,97.0,81.26,90.96796116504855,97.7,81.54,-5.414160645040118,-3.0589139524213853,-7.936775517756125,-131.36838279882522,-118.33907738836845,-140.9392159388382,-5.915547040919078,-2.1689252483657704,-9.049457754362303
"Snell, Blake",2022-08-14,103,2411.145631067961,2493.6,2309.0,90.33009708737865,96.2,80.34,91.1,97.28,80.76,-5.206502022551167,-2.7920559674670766,-7.400272956057943,-131.30457444932077,-116.97317627343767,-139.83293894932805,-7.334516272131258,-2.6066911829189596,-11.23900377882538
"Snell, Blake",2022-08-19,98,2408.6632653061224,2513.0,2317.1,91.90714285714286,96.8,82.67,92.69285714285714,97.7,82.97,-5.597984712744025,-2.7859344866808238,-7.894416111049296,-133.60818948595414,-120.14453282994265,-140.80745813556496,-6.378605334813578,-3.2827774002268955,-9.812529902189432
"Snell, Blake",2022-08-24,79,2388.987341772152,2475.6,2278.8,91.3873417721519,96.6,81.75999999999999,91.92911392405063,97.14,82.0,-5.666055660785828,-2.6358815857671054,-8.259744019031826,-132.83872628744896,-118.97419130422665,-140.3125743767135,-6.148680583188654,-2.184544012186307,-9.912611935473251
"Snell, Blake",2022-08-30,105,2382.361904761905,2524.2,2259.0,92.8952380952381,96.3,86.03999999999999,93.69999999999999,97.27,86.83,-6.222735365110385,-3.544078111958223,-8.793566314662629,-134.95056641855092,-125.06899249535469,-139.78635374561338,-8.321243268614609,-5.006164796771186,-11.953933889131509
"Snell, Blake",2022-09-05,98,2351.0510204081634,2453.6,2265.5,91.88979591836735,96.6,86.87,92.66122448979591,97.6,87.5,-5.911793553139809,-3.4652409909080375,-8.362630647773262,-133.56448037450883,-126.35175834113389,-140.4475188572925,-7.37968467436673,-4.397157445687216,-10.226843988354124
"Snell, Blake",2022-09-10,88,2354.4886363636365,2459.3,2249.4,91.23522727272727,97.1,82.87,91.85909090909091,97.7,83.14,-4.985329431617976,-2.349136873191222,-7.9246761065673,-132.63654064309878,-120.55782135426183,-141.06226448223867,-6.570775795525403,-2.566175427091068,-10.12638837481759
"Snell, Blake",2022-09-16,95,2444.705263157895,2588.4,2344.0,92.97157894736841,97.1,87.32000000000001,93.3357894736842,97.4,87.78,-5.675418874217608,-3.4168308690941376,-8.310021388125103,-134.97666313749409,-126.78846400081594,-140.8790084818272,-8.671927428870829,-6.009424401593214,-12.114838566508183
"Snell, Blake",2022-09-21,117,2420.7606837606836,2542.2,2300.2,93.02735042735043,97.84,87.38,93.9008547008547,98.84,88.14,-5.427708729994742,-3.2269779145176845,-7.97720803650376,-135.19903999077667,-127.0027512998566,-142.0396528367402,-7.404096349644595,-4.392234200662771,-10.487870610612038
"Snell, Blake",2022-09-27,96,2368.2395833333335,2504.5,2248.0,92.55104166666666,97.19999999999999,82.7,93.20416666666667,97.9,83.05000000000001,-5.474906332320095,-2.8808112942240456,-7.904868586869956,-134.52886024395087,-120.42497088364736,-141.29794786000343,-6.541205328728835,-3.4730864519352025,-9.509001450772397
"Snell, Blake",2022-10-02,103,2388.7184466019417,2503.4,2308.4,92.47669902912622,96.6,86.61999999999999,92.65631067961165,96.7,86.82,-5.658723298099889,-3.3720742038995546,-8.029803749696526,-134.32047362282344,-125.76147465279965,-140.26997285063953,-7.172834709437464,-4.282037156431683,-9.81713196039765
"Snell, Blake",2022-10-08,90,2444.0555555555557,2536.1,2365.2,92.98777777777778,97.02,83.15,92.90777777777778,96.91000000000001,82.86,-6.422316826328417,-3.5500155459950755,-9.009768842161472,-134.98501871673582,-121.00576779490169,-140.87096212796226,-7.344249209476974,-3.795862669770309,-11.351564262016906
"Snell, Blake",2022-10-14,96,2439.7083333333335,2574.5,2308.0,92.69479166666667,97.25,83.25,93.37604166666667,97.9,83.65,-6.3189656107030885,-3.2665384385292993,-9.231112103525268,-134.63717149903238,-121.0501717768186,-141.18840220201685,-7.796264428778863,-3.978804744312076,-10.75150236521786
"Snell, Blake",2022-10-19,89,2464.7078651685392,2582.0,2350.6,91.7123595505618,96.7,82.03999999999999,91.90112359550561,96.92,82.14,-6.098450571286991,-3.084434754389026,-9.004622594772789,-133.19038417686014,-119.36442866841627,-140.4344762414762,-7.388443109324117,-2.6274779732405182,-11.004399315538377
"Snell, Blake",2023-03-05,26,,,,,,,,,,,,,,,,,,
"Snell, Blake",2023-03-11,23,,,,,,,,,,,,,,,,,,
"Snell, Blake",2023-03-17,38,,,,,,,,,,,,,,,,,,
"Snell, Blake",2023-03-24,38,,,,,,,,,,,,,,,,,,
"Snell, Blake",2023-03-30,93,2323.8494623655915,2478.0,2230.6,92.13440860215054,96.1,82.61999999999999,92.59032258064516,96.48,82.74000000000001,-6.15858711696775,-3.5482917821132793,-8.190391969645423,-133.759195156666,-120.13723832319737,-139.52332364344036,-8.162491812041845,-5.18980522266716,-11.77198513893073
"Snell, Blake",2023-04-06,88,2326.659090909091,2496.8,2181.8,89.12727272727273,94.76,80.7,89.81590909090909,95.33,81.28,-6.136175393906797,-2.901656969783775,-9.115751374485185,-129.4062684830612,-117.42734820361663,-137.49080796764633,-8.460255410109944,-4.173368072670123,-11.911225920573473
"Snell, Blake",2023-04-12,100,2315.877551020408,2428.6,2208.2,92.03299999999999,95.7,86.87,92.78299999999999,96.7,87.69,-5.469019232205109,-3.3277568758244467,-7.596451567851302,-133.75971726815396,-126.35614474873574,-139.10881134536334,-7.242603611247382,-3.690680030214935,-10.957265448786243
"Snell, Blake",2023-04-18,95,2204.084210526316,2449.4,1786.0,89.94736842105263,95.1,85.12,90.21684210526317,95.26,85.48,-6.020429791313824,-4.0579962936407385,-7.87776505510123,-130.59818490087702,-123.68136799837121,-138.06764438006985,-8.044948750669349,-4.742283969597563,-11.222003137218172
"Snell, Blake",2023-04-25,105,2354.3809523809523,2482.0,2208.6,90.90761904761904,95.4,80.74,91.29238095238095,96.06,80.60000000000001,-5.180364463801293,-2.9766044752922776,-7.499492872896838,-132.05822791925078,-117.43663061797231,-138.581089662908,-7.587533810307542,-3.6208226192290063,-11.483115644926842
"Snell, Blake",2023-05-01,101,2299.930693069307,2494.0,1900.0,89.85643564356435,95.7,81.8,90.34554455445544,96.3,82.1,-5.080438911382527,-2.6449714471180568,-7.559874221372818,-130.55247001300796,-118.95292790200752,-139.14271976177997,-7.950375987397408,-3.968563825403295,-11.662620417183454
"Snell, Blake",2023-05-06,97,2329.237113402062,2507.4,1906.0,91.09690721649484,95.84,81.42,91.5020618556701,96.34,81.7,-5.90200973050555,-3.1487775930785817,-8.812159229829646,-132.242444450779,-118.51033085211333,-139.171488840577,-8.187346908602677,-3.680554910539798,-11.344704039503206
"Snell, Blake",2023-05-12,101,2251.5841584158416,2491.0,1830.0,90.53069306930693,95.4,85.1,91.22574257425742,96.1,85.9,-5.989835694734685,-4.173275467967963,-8.094309547047073,-131.52018464571447,-123.71201281960118,-138.57228524889834,-8.008075026749433,-5.103532589635364,-10.51779138032668
"Snell, Blake",2023-05-19,87,2327.5862068965516,2500.4,1906.0,91.02758620689654,95.58,85.97999999999999,91.9080459770115,96.4,86.72,-5.771048509686768,-3.4442622074331046,-8.122401233691289,-132.25135381059366,-124.88794360847659,-138.88156428553097,-7.9293984908522885,-5.236962961263103,-10.94472005711544
"Snell, Blake",2023-05-25,99,2382.3838383838383,2493.0,2299.8,91.02222222222223,96.14,81.0,91.94242424242424,97.52,81.68,-6.1726298311357715,-3.0764558915100326,-8.68997671372192,-132.25708116256024,-117.92898576233033,-139.612828605045,-6.7281248932880064,-3.169494836118257,-10.373546464703866
"Snell, Blake",2023-05-31,97,2335.1134020618556,2487.8,1912.4,92.23711340206185,96.4,86.26,92.76804123711341,96.9,87.06,-6.236110969452849,-3.503502775934832,-8.489202249396003,-133.98593618150795,-125.31087682523577,-139.94782501932383,-7.7785578874550145,-4.222846909485786,-10.811835687894055
"Snell, Blake",2023-06-05,109,2222.394495412844,2491.4,1797.4,90.7045871559633,96.52,83.10000000000001,91.6394495412844,97.46000000000001,83.74000000000001,-5.207571286874897,-3.0606616461385765,-7.480247063621643,-131.80223168635047,-120.78761211510928,-140.18117055419177,-7.346436486761969,-3.7371819748210604,-10.72766290866578
"Snell, Blake",2023-06-11,85,2273.494117647059,2468.2,1859.6,90.57882352941176,96.7,82.34,92.16235294117648,98.3,83.3,-5.622697550253697,-3.077525466078742,-8.411235498020046,-131.72803617853623,-119.71590672220673,-140.4993587781387,-7.533586558175007,-4.655418127846846,-10.289342388704092
"Snell, Blake",2023-06-17,102,2278.4313725490197,2521.6,1745.9,90.50980392156863,97.0,82.0,90.95392156862745,97.7,82.14,-5.9526843797620135,-2.2293163532160296,-8.904089577065866,-131.40443515470224,-119.2321327792714,-140.8945288337762,-7.624049730771727,-3.30173472648823,-10.919248111008544
"Snell, Blake",2023-06-22,97,2271.1263157894737,2482.4,1835.8,89.63092783505155,96.14,81.2,90.45567010309279,97.0,81.46000000000001,-5.892006342279524,-3.0962031806963717,-8.411519203309467,-130.21774674416056,-118.10818846935372,-139.71586257515455,-8.102077720343843,-4.257812701206691,-11.498271576880361
"Snell, Blake",2023-06-28,102,2262.372549019608,2516.4,1751.9,89.29607843137255,96.78999999999999,80.93,90.26862745098039,97.6,81.44000000000001,-6.029236400606196,-2.7592526075267445,-8.620608664005367,-129.75197764333168,-117.71598820980884,-140.6036676595366,-7.094202677842003,-2.658917361939869,-10.37135136094422
"Snell, Blake",2023-07-03,100,2321.48,2496.3,1839.9,89.493,97.0,81.58,89.949,97.51,81.7,-5.635778853303842,-1.7849368575199553,-8.45399898523388,-129.96032552364778,-118.59747594929046,-140.8145367517259,-7.20083006545666,-2.383023563458204,-10.377773133265332
"Snell, Blake",2023-07-08,105,2337.1714285714284,2529.6,1822.8,90.15047619047618,97.46000000000001,81.6,90.93142857142857,98.5,82.08,-5.208456404437456,-2.3698403144328,-8.066627098434605,-130.97307538704558,-118.70679844070787,-141.40853870047013,-7.382059691992604,-2.8718330566155394,-11.176604919439391
"Snell, Blake",2023-07-15,82,2205.4024390243903,2404.2,1858.3999999999999,88.63048780487804,96.3,79.54,89.32682926829268,97.27,80.02,-5.546403495634182,-1.6777761674135205,-8.238929060133168,-128.8347788066776,-115.76075997895207,-139.97849445051452,-6.027360133911515,-1.6608630256074766,-9.570338293268884
"Snell, Blake",2023-07-20,106,2332.745283018868,2533.0,1834.5,89.32358490566037,96.35,79.6,89.80094339622642,96.95,79.8,-5.880196692022584,-2.831692749949604,-8.621511677962548,-129.79667486037144,-115.7376259160414,-139.8854292652108,-6.198161954617776,-2.82513071235334,-9.616181205537274
"Snell, Blake",2023-07-25,102,2312.1960784313724,2513.8,1787.0,90.33823529411765,96.89,80.81,91.13039215686274,97.68,81.22,-5.474989673610979,-2.279350135393634,-7.6583130070836125,-131.26503543194863,-117.62819082471931,-140.64244263813106,-7.452210339216519,-3.58744486280588,-11.154301273339685
"Snell, Blake",2023-07-30,101,2220.4059405940593,2449.0,1704.0,89.03762376237623,96.6,79.8,89.58712871287128,97.0,80.1,-5.745743777153929,-2.897058352629728,-8.102215641753158,-129.35132667171158,-115.99515260087452,-140.0842918156421,-6.918860553288116,-3.4136655804813225,-10.204285328191771
"Snell, Blake",2023-08-05,108,2281.064814814815,2504.5,1795.4,88.40555555555555,95.83,79.84,89.16666666666667,96.73,80.14999999999999,-5.437711858909381,-2.4382931472174385,-7.642102738101787,-128.4729848820956,-116.03506213596346,-139.2826284523084,-7.007696995573956,-3.2082555761592895,-11.033428684235544
"Snell, Blake",2023-08-11,98,2279.8061224489797,2524.6,1741.1,89.7,95.9,79.9,90.45102040816327,96.76,80.21,-5.980359048470357,-3.0066380557694257,-8.703496363597589,-130.3224387173042,-116.24803434046807,-139.13659659285358,-7.382002468440558,-3.760845175702435,-10.916285644593708
"Snell, Blake",2023-08-16,92,2240.978260869565,2468.9,1671.0,89.8141304347826,96.99,79.41000000000001,90.18804347826087,97.49,79.42,-5.909525118958166,-2.4753415985354854,-8.599188251876184,-130.42621841212235,-115.42235465297875,-140.57543457555897,-7.0384971844995565,-2.717691405431381,-10.236200211691452
"Snell, Blake",2023-08-22,96,2290.1041666666665,2532.5,1754.5,89.67916666666667,97.25,81.4,90.40520833333333,98.15,81.75,-5.648037843210795,-2.5698366958347445,-7.955498140597067,-130.3370169629031,-118.32854222963752,-141.2459402019917,-6.650298678915303,-3.7615882832003225,-9.385820100527162
"Snell, Blake",2023-08-28,109,2323.321100917431,2547.2,1767.8,89.25412844036698,96.11999999999999,79.38000000000001,90.0137614678899,97.0,79.7,-5.8474439926794,-3.580210970341378,-8.478897184829846,-129.65074072143278,-115.39662487073839,-139.3691120547502,-7.35271240642402,-3.762700689671809,-11.5278633054862
"Snell, Blake",2023-09-02,113,2211.238938053097,2506.8,1693.4,90.47610619469026,97.48,81.61999999999999,91.18495575221239,98.58,82.1,-5.91297677879079,-2.8280735071167054,-8.438844313621644,-131.4070493547262,-118.66845297197742,-141.5566971152066,-6.941106445111807,-3.0282350596116228,-10.313310619162516
"Snell, Blake",2023-09-08,103,2388.1747572815534,2556.0,2020.8000000000004,89.70388349514563,96.25999999999999,81.0,90.36893203883496,96.98,81.22,-5.684817785526181,-2.6785600088367465,-8.232181498376848,-130.3241341469336,-117.68745545902546,-139.792261633278,-6.862678961540173,-2.9478009634436413,-9.785189811777654
"Snell, Blake",2023-09-13,91,2312.967032967033,2486.0,1779.0,89.74065934065933,96.8,80.9,90.66043956043957,97.8,81.6,-5.656871493940095,-3.0696590694184547,-8.299518850594655,-130.4409875466446,-117.71352325629256,-140.4339746671405,-6.887343015891324,-3.0992090958584013,-10.139465102676898
"Snell, Blake",2023-09-19,104,2293.903846153846,2513.9,1701.0,88.90576923076924,97.3,81.6,89.49807692307692,98.1,81.73,-5.092067315212054,-2.7676767392215793,-7.687407619364644,-129.19958591994535,-118.68529000090511,-141.38776287394597,-6.573248586661231,-3.55164201962912,-10.076380249777907
"Snell, Blake",2023-09-25,100,2342.69,2581.4,1804.1,89.37100000000001,97.2,81.19,90.346,98.2,81.69,-5.712159123027073,-2.4924783581518537,-8.329285489795893,-129.92085395994894,-118.14355959721476,-141.0755093160471,-6.213254249476775,-2.588413554616661,-9.846494774108011
"Snell, Blake",2024-04-08,72,2279.5694444444443,2539.0,1720.0,89.64722222222223,96.39,81.02,90.61527777777778,97.3,81.33,-5.649606531560411,-2.934279052157466,-7.7328195354412195,-130.30675668672745,-117.84552977649113,-140.18891933309928,-6.339575007963066,-3.5881225322360453,-8.942688911822563
"Snell, Blake",2024-04-14,78,2267.153846153846,2573.3,1726.9,88.39999999999999,96.0,79.7,88.56794871794872,96.4,79.87,-5.5014933034456615,-1.6945011599648385,-8.346048085148013,-128.40441011514812,-115.98050462941879,-139.4298038990695,-6.169817483028366,-2.1913225020974836,-9.700818257410996
"Snell, Blake",2024-04-19,85,2355.835294117647,2573.4,1835.4,89.84470588235294,95.9,79.8,90.49411764705883,96.46000000000001,80.14,-5.548787797027783,-3.0174252369286605,-8.117548402785365,-130.57183376154714,-116.15474981169147,-139.27346683676964,-6.8922778791494546,-3.715783496542262,-10.647593908774194
"Snell, Blake",2024-05-22,87,2402.3563218390805,2652.4,1822.8,90.38275862068966,96.17999999999999,81.46000000000001,91.37471264367817,97.3,82.1,-6.3788823385381255,-3.9760114809249556,-8.479645820484931,-131.38938477570363,-118.45683090493183,-139.81484702404978,-6.5269759303663095,-3.509863574711696,-9.665613557026477
"Snell, Blake",2024-05-27,90,2369.6666666666665,2575.8,1921.3,90.22777777777777,96.13,81.19,90.98111111111112,97.01,81.58999999999999,-5.803143949740095,-3.6218829046295395,-8.062251980240262,-131.15486889470262,-118.00993232741043,-139.8977186351921,-6.7804581422373325,-4.303716561180123,-9.756255474689299
"Snell, Blake",2024-06-02,99,2354.909090909091,2595.4,1887.8,89.66666666666667,96.42,81.1,90.52828282828283,97.32,81.88000000000001,-6.474574712888959,-3.7610546433438414,-8.627702902059555,-130.32156204242614,-118.10386240349163,-140.13406255281612,-6.860141872367317,-3.0578908117141634,-9.277508580671222
"Snell, Blake",2024-07-09,73,2320.6849315068494,2512.2,1909.6,90.56712328767122,96.38000000000001,81.68,91.59315068493152,97.48,82.32000000000001,-5.776756522328289,-3.080170342727191,-8.07648541427667,-131.6479309757088,-118.86628720255533,-140.07718386648648,-6.494719375096304,-2.9272808567550315,-9.553281255124947
"Snell, Blake",2024-07-14,80,2348.9875,2532.5,1809.1,89.16499999999999,96.71000000000001,80.67,89.85625,97.51,81.0,-5.112865582481817,-2.688494020617666,-7.598724461749914,-129.63670615883944,-117.41927479891442,-140.51950922462106,-6.23890212151502,-2.9604924662385574,-9.937720701389642
"Snell, Blake",2024-07-22,83,2417.590361445783,2572.4,2307.2,88.89397590361446,97.18,81.42,89.67469879518072,98.1,82.02,-5.012774195925308,-2.228498985298328,-7.833945038602885,-129.26914498883346,-118.56309315044024,-141.14227341654166,-5.568752582127306,-1.0228685917451754,-9.622152254618255
"Snell, Blake",2024-07-27,103,2368.980582524272,2525.8,1905.6000000000001,89.74174757281553,96.4,81.11999999999999,90.67378640776698,97.66,81.72,-4.98129931327901,-1.9263815579675827,-7.653448823925036,-130.48998518317973,-118.09745440620489,-140.17250844721406,-6.117949558645524,-2.8349259793562736,-9.482568841384149
"Snell, Blake",2024-08-02,114,2378.184210526316,2569.8,1847.9,89.52543859649123,97.37,81.4,90.34736842105264,98.2,81.86,-5.225228488943016,-2.3295852125147407,-7.695149970741048,-130.15548259625186,-118.46717910006686,-141.45858104343876,-5.997187649433067,-2.7657745816215096,-9.29622857805633
"Snell, Blake",2024-08-07,93,2235.47311827957,2515.8,1715.4,88.02150537634408,96.58,79.9,89.01827956989248,97.7,80.42,-6.211375440749102,-3.558896821833356,-8.833274513781703,-127.9758914485266,-116.25653088844327,-140.38855979522742,-6.322930419471825,-2.395296031590431,-9.77508673042092
"Snell, Blake",2024-08-12,114,2339.342105263158,2552.7,1842.2,88.65526315789474,96.67,80.29,89.38070175438597,97.57,80.83,-5.0547310855499905,-2.0267977609981065,-8.000911760268158,-128.93548550556503,-116.98718023181864,-140.3827835440629,-5.438705948233446,-1.9154432372049595,-8.46194739809732
"Snell, Blake",2024-08-18,109,2350.816513761468,2570.8,1848.2,88.25412844036698,96.5,79.9,88.80000000000001,97.1,80.2,-5.663162062713751,-3.0239694921332916,-7.996900525837861,-128.2820595461965,-116.18797823078746,-139.9681911059532,-6.381620879079349,-2.526411422074348,-10.323990435587223
"Snell, Blake",2024-08-24,74,2391.2027027027025,2596.4,1942.0,89.66621621621621,95.8,80.43,90.1391891891892,96.44,80.73,-6.101528156998693,-3.2428673768981944,-9.146772834449152,-130.27404453959943,-117.118155120635,-139.0293233945711,-6.964088016345059,-3.179102204800693,-10.44145889089276
"Snell, Blake",2024-08-30,96,2268.6979166666665,2591.0,1849.0,88.24479166666667,96.15,81.19999999999999,89.04479166666665,97.05,81.65,-4.646815566442864,-1.9416227185733708,-7.0278443135819515,-128.31918409417116,-118.17652229883396,-139.87841137932713,-6.34121418731911,-3.280261626611052,-9.05158837454331
"Snell, Blake",2024-09-05,42,2347.285714285714,2558.2,1953.0,90.23095238095237,97.08999999999999,81.33,90.59761904761905,97.28999999999999,81.72,-4.978464972600985,-2.0570402863795723,-8.089118433281854,-131.15556494108793,-118.40608327729511,-141.01224129466044,-7.0292429601220014,-4.447824993293227,-10.474912942086853
"Snell, Blake",2024-09-11,95,2280.073684210526,2484.6,1843.8,90.18736842105262,97.0,81.28,91.17263157894736,98.06,81.96,-4.918876920057492,-2.0999066777371382,-7.363028052881708,-131.15276677788123,-118.40814731077104,-141.02547235452383,-6.143169224146463,-1.9672242653751026,-9.027917367324463
"Snell, Blake",2024-09-17,98,2273.938775510204,2482.9,1845.1,91.25918367346938,97.13,84.44,91.92448979591838,97.83,85.1,-6.755811424265711,-4.680080438994242,-8.46558232205297,-132.52327764697594,-122.72346937934972,-140.9730981991246,-7.7549818827593135,-4.629367529311857,-11.059835793696188
"Snell, Blake",2024-09-22,88,2361.4886363636365,2595.2,1886.7,89.71704545454546,96.99000000000001,80.77,90.4784090909091,98.06,81.27,-5.820042230870464,-3.103952225045685,-8.48168207101639,-130.43273268980658,-117.58746096418682,-140.92042593587755,-6.180723199354083,-2.5733637205555895,-9.963069984430467
"Snell, Blake",2025-02-25,30,2376.4666666666667,2585.1,1851.7,90.21333333333334,96.02,80.58999999999999,90.80666666666666,96.61999999999999,81.3,-5.231886942046528,-3.2584667812654278,-7.041835887474018,-131.1288718346735,-117.30159063172175,-139.71410693678493,-7.370954304595566,-4.357074281979976,-9.797359901567308
"Snell, Blake",2025-03-09,67,2397.0149253731342,2542.6,2239.4,89.8641791044776,96.03999999999999,80.82,90.2969696969697,96.5,81.15,-5.499032519891229,-2.4505828149032776,-7.9461679016402575,-130.56509294189988,-117.60578948727564,-139.30419455440494,-6.677950944478079,-2.1187530946611486,-9.794274179830655
"Snell, Blake",2025-03-27,92,2315.25,2542.1,1898.5,88.2108695652174,96.08,81.11,89.22282608695652,96.88000000000001,81.92,-5.64095849155401,-2.6893874659059116,-8.212659875303101,-128.26743895853494,-118.11454651423063,-139.68714028169612,-6.793231109955835,-4.066999619246922,-9.096004551799613
"Snell, Blake",2025-04-02,80,2352.65,2527.0,1994.0,90.07124999999999,95.2,80.7,90.94,96.31,81.48,-5.141168747171346,-2.4495960034467212,-7.263085503123441,-131.00181029180754,-117.72627715477765,-138.37163283946833,-6.623469341493601,-2.811228711173053,-10.088608041659388
